{
	"credit": "Made with Blockbench",
	"textures": {
		"0": "item/husk_golden_axe",
		"1": "item/blade",
		"particle": "item/husk_golden_axe"
	},
	"elements": [
		{
			"from": [7, 0, 8],
			"to": [9, 21, 10],
			"rotation": {"angle": 0, "axis": "y", "origin": [7, 0, 8]},
			"faces": {
				"north": {"uv": [0, 0, 2, 15], "texture": "#0"},
				"east": {"uv": [2, 0, 4, 15], "texture": "#0"},
				"south": {"uv": [4, 0, 6, 15], "texture": "#0"},
				"west": {"uv": [6, 0, 8, 15], "texture": "#0"},
				"up": {"uv": [10, 2, 8, 0], "texture": "#0"},
				"down": {"uv": [10, 2, 8, 4], "texture": "#0"}
			}
		},
		{
			"from": [7.5, 17, 5],
			"to": [8.5, 19, 14],
			"rotation": {"angle": 22.5, "axis": "x", "origin": [6.5, 7, 4]},
			"faces": {
				"north": {"uv": [8, 6, 10, 8], "texture": "#1"},
				"east": {"uv": [8, 6, 18, 8], "texture": "#1"},
				"south": {"uv": [8, 6, 10, 8], "texture": "#1"},
				"west": {"uv": [8, 6, 16, 8], "texture": "#1"},
				"up": {"uv": [2, 9, 0, 0], "texture": "#1"},
				"down": {"uv": [4, 0, 2, 9], "texture": "#1"}
			}
		},
		{
			"from": [7.5, 19, 5],
			"to": [8.5, 21, 13],
			"rotation": {"angle": 22.5, "axis": "x", "origin": [6.5, 9, 4]},
			"faces": {
				"north": {"uv": [8, 8, 10, 10], "texture": "#1"},
				"east": {"uv": [4, 0, 12, 2], "texture": "#1"},
				"south": {"uv": [0, 9, 2, 11], "texture": "#1"},
				"west": {"uv": [4, 2, 12, 4], "texture": "#1"},
				"up": {"uv": [2, 9, 0, 0], "texture": "#1"},
				"down": {"uv": [6, 4, 4, 12], "texture": "#1"}
			}
		},
		{
			"from": [7.5, 21, 5],
			"to": [8.5, 23, 12],
			"rotation": {"angle": 22.5, "axis": "x", "origin": [6.5, 11, 4]},
			"faces": {
				"north": {"uv": [8, 6, 10, 8], "texture": "#1"},
				"east": {"uv": [6, 4, 13, 6], "texture": "#1"},
				"south": {"uv": [2, 9, 4, 11], "texture": "#1"},
				"west": {"uv": [6, 4, 13, 6], "texture": "#1"},
				"up": {"uv": [2, 9, 0, 0], "texture": "#1"},
				"down": {"uv": [8, 6, 6, 13], "texture": "#1"}
			}
		}
	],
	"display": {
		"thirdperson_righthand": {
			"rotation": [159.06, -12.82, 177.97],
			"translation": [0, 0.75, 3.5]
		},
		"thirdperson_lefthand": {
			"rotation": [-144.44, -12.82, 177.97],
			"translation": [0, 0.75, 3.5]
		},
		"firstperson_righthand": {
			"rotation": [166.5, -10.5, 180],
			"translation": [0, 0, 1]
		},
		"firstperson_lefthand": {
			"rotation": [166.5, -10.5, 180],
			"translation": [0.75, 0, 1]
		},
		"ground": {
			"rotation": [-36.7, -0.74, 95.06]
		},
		"gui": {
			"rotation": [138.46, 80.4, -122.25],
			"translation": [0, -1.25, 0]
		},
		"head": {
			"rotation": [0, 60, 0],
			"translation": [0, 4.75, 0]
		},
		"fixed": {
			"rotation": [178.97, 73.74, 0.05],
			"translation": [0, -1.5, 0],
			"scale": [1, 0.91211, 0.79102]
		}
	}
}