{
	"credit": "Made with Blockbench",
	"parent": "gold",
	"textures": {
		"3": "item/gold_pile/pngol",
		"4": "item/gold_pile/texture",
		"5": "item/gold_pile/gold_thing",
		"6": "item/gold_pile/texturepng",
		"particle": "item/gold_pile/texture"
	},
	"elements": [
		{
			"from": [4, 0, 5],
			"to": [7, 2, 11],
			"rotation": {"angle": 0, "axis": "y", "origin": [5, 0, 9]},
			"faces": {
				"north": {"uv": [6, 2, 9, 4], "texture": "#5"},
				"east": {"uv": [0, 6, 6, 8], "texture": "#5"},
				"south": {"uv": [6, 4, 9, 6], "texture": "#5"},
				"west": {"uv": [6, 0, 12, 2], "texture": "#5"},
				"up": {"uv": [3, 6, 0, 0], "texture": "#5"},
				"down": {"uv": [6, 0, 3, 6], "texture": "#5"}
			}
		},
		{
			"from": [12, 0, 5],
			"to": [15, 2, 11],
			"rotation": {"angle": 22.5, "axis": "y", "origin": [13, 0, 9]},
			"faces": {
				"north": {"uv": [6, 2, 9, 4], "texture": "#3"},
				"east": {"uv": [0, 6, 6, 8], "texture": "#3"},
				"south": {"uv": [6, 4, 9, 6], "texture": "#3"},
				"west": {"uv": [6, 0, 12, 2], "texture": "#3"},
				"up": {"uv": [3, 6, 0, 0], "texture": "#3"},
				"down": {"uv": [6, 0, 3, 6], "texture": "#3"}
			}
		},
		{
			"from": [1, 2, 7],
			"to": [7, 4, 10],
			"rotation": {"angle": 45, "axis": "z", "origin": [5, 2, 9]},
			"faces": {
				"north": {"uv": [0, 6, 6, 8], "texture": "#4"},
				"east": {"uv": [6, 2, 9, 4], "texture": "#4"},
				"south": {"uv": [6, 0, 12, 2], "texture": "#4"},
				"west": {"uv": [6, 4, 9, 6], "texture": "#4"},
				"up": {"uv": [6, 3, 0, 0], "texture": "#4"},
				"down": {"uv": [6, 3, 0, 6], "texture": "#4"}
			}
		},
		{
			"from": [8, 1, 3],
			"to": [11, 3, 9],
			"rotation": {"angle": -45, "axis": "x", "origin": [9, 1, 7]},
			"faces": {
				"north": {"uv": [6, 2, 9, 4], "texture": "#6"},
				"east": {"uv": [0, 6, 6, 8], "texture": "#6"},
				"south": {"uv": [6, 4, 9, 6], "texture": "#6"},
				"west": {"uv": [6, 0, 12, 2], "texture": "#6"},
				"up": {"uv": [3, 6, 0, 0], "texture": "#6"},
				"down": {"uv": [6, 0, 3, 6], "texture": "#6"}
			}
		}
	],
	"display": {
		"ground": {
			"translation": [0, 1.5, 0]
		},
		"gui": {
			"translation": [0, 3, 0],
			"scale": [1, 0.80664, 1]
		},
		"fixed": {
			"rotation": [-81.5, 0, 0],
			"translation": [0, 3, -8]
		}
	}
}